parallelism,train_time_sec
1,8.00567889213562
2,5.234750270843506
4,4.6951916217803955
8,5.828779220581055
