parallelism,preproc_time_sec
1,1.4890990257263184
2,0.31788134574890137
4,0.30385756492614746
8,0.2825968265533447
